student_id,course,mid1_pct,mid2_pct,final_pct,assign_avg_early,quiz_avg_early,assign_avg_75,quiz_avg_75,assign_avg_all,quiz_avg_all,split
C2_6,C2,35.0,25.0,36.24444444444444,28.051282051282055,24.166666666666664,34.764102564102565,21.11111111111111,38.97008547008547,34.58333333333333,train
C2_17,C2,56.86666666666667,58.733333333333334,66.73333333333333,97.17582417582418,60.833333333333336,97.00549450549451,57.22222222222223,96.04624542124543,67.91666666666667,train
C2_4,C2,31.2,14.333333333333334,34.733333333333334,46.825641025641026,19.166666666666668,54.29538461538461,17.77777777777778,53.996153846153845,34.166666666666664,train
C1_28,C1,28.733333333333334,10.600000000000001,43.48888888888889,53.9051689051689,20.833333333333332,54.743101343101344,25.555555555555554,54.693325193325194,34.791666666666664,train
C5_11,C5,35.0,51.733333333333334,55.91111111111111,17.5,25.0,24.666666666666668,25.0,26.3125,31.666666666666668,train
C6_6,C6,63.33333333333333,33.6,50.84444444444445,62.5,33.333333333333336,70.75,40.0,47.166666666666664,49.0,train
C6_21,C6,56.666666666666664,95.4,80.86666666666666,60.91666666666667,52.083333333333336,72.61111111111111,62.25,77.27083333333334,62.25,train
C4_14,C4,15.0,6.000000000000001,12.250000000000002,70.6111111111111,47.5,52.95833333333333,34.166666666666664,54.49166666666666,29.285714285714285,train
C4_4,C4,67.46666666666667,73.0,43.85,83.08333333333333,57.5,83.08333333333333,52.5,81.375,58.09523809523809,train
C2_27,C2,51.2,37.46666666666666,47.733333333333334,56.857142857142854,35.83333333333333,67.28095238095239,32.22222222222222,67.94246031746032,49.166666666666664,train
C3_43,C3,45.0,9.000000000000002,20.45,72.55555555555556,35.0,54.41666666666667,51.0,43.53333333333334,51.0,train
C6_30,C6,58.333333333333336,58.13333333333334,67.86666666666666,30.25,50.0,51.166666666666664,44.0,55.875,41.666666666666664,train
C5_27,C5,43.333333333333336,71.73333333333332,73.24444444444444,61.375,41.25,66.58333333333333,50.75,68.6875,49.791666666666664,train
C3_5,C3,66.2,16.933333333333334,24.3,56.854166666666664,55.0,42.640625,52.0,51.6125,49.583333333333336,train
C6_34,C6,48.333333333333336,48.13333333333333,49.08888888888889,20.0,45.0,31.666666666666668,37.0,43.125,44.166666666666664,train
C3_23,C3,36.199999999999996,4.0,17.5,69.58333333333333,60.0,52.1875,56.0,59.0,56.0,train
C6_15,C6,50.0,78.99999999999999,86.02222222222223,84.5,45.416666666666664,83.33333333333333,53.25,86.875,52.708333333333336,train
C4_10,C4,88.73333333333335,73.0,37.25,59.97222222222223,60.0,44.97916666666667,61.666666666666664,54.108333333333334,58.214285714285715,train
C3_9,C3,30.0,50.0,41.8,74.79166666666667,51.25,79.42708333333333,49.166666666666664,75.04166666666666,49.166666666666664,train
C3_29,C3,28.733333333333334,,7.249999999999999,60.0625,21.666666666666668,60.0625,21.666666666666668,60.0625,21.666666666666668,train
C3_10,C3,21.200000000000003,14.6,17.95,62.30555555555555,45.0,58.39583333333333,45.0,56.46666666666666,43.92857142857143,train
C5_10,C5,58.333333333333336,81.8,81.37777777777777,83.66666666666666,26.666666666666668,84.77777777777777,34.0,86.39583333333333,43.333333333333336,train
C5_8,C5,93.33333333333333,70.86666666666666,68.2,77.5,41.666666666666664,83.25,47.5,83.25,52.0,train
C4_34,C4,22.46666666666667,36.199999999999996,24.75,85.43055555555556,41.25,80.94791666666667,41.666666666666664,81.13333333333334,41.66666666666667,train
C3_3,C3,26.200000000000003,1.0,5.450000000000001,64.80555555555556,56.666666666666664,48.604166666666664,56.666666666666664,48.604166666666664,56.666666666666664,train
C3_21,C3,47.46666666666667,33.93333333333333,35.9,77.75,46.25,58.3125,45.833333333333336,46.65,44.047619047619044,train
C3_12,C3,83.73333333333333,84.0,60.9,81.22222222222223,81.25,85.91666666666667,82.5,88.73333333333333,79.64285714285714,train
C5_34,C5,57.46666666666667,30.866666666666664,31.488888888888887,42.166666666666664,36.25,45.444444444444436,31.75,43.45833333333333,31.458333333333332,train
C1_10,C1,22.46666666666667,11.866666666666667,27.73333333333333,76.14367114367114,27.083333333333332,69.88620268620268,23.055555555555554,67.31257631257631,31.875,train
C6_36,C6,31.666666666666664,27.200000000000003,27.711111111111116,64.58333333333333,18.75,70.38888888888889,14.0625,75.60416666666666,14.0625,train
C4_1,C4,47.46666666666667,20.599999999999998,33.175,57.43055555555555,51.25,61.197916666666664,50.0,65.08333333333333,47.22222222222222,train
C5_12,C5,56.666666666666664,54.46666666666666,57.28888888888889,57.083333333333336,42.916666666666664,64.05555555555556,37.75,62.72916666666667,44.791666666666664,train
C3_1,C3,72.46666666666665,28.933333333333334,37.5,76.45833333333334,63.333333333333336,74.30555555555556,64.0,74.30555555555556,61.666666666666664,train
C4_31,C4,47.46666666666667,43.0,40.449999999999996,53.819444444444436,42.5,54.947916666666664,40.833333333333336,60.20833333333333,40.357142857142854,train
C3_27,C3,68.73333333333333,59.0,45.9,83.72222222222223,87.5,86.95833333333334,83.33333333333333,84.06666666666668,81.54761904761905,train
C3_42,C3,56.199999999999996,26.0,31.35,83.44444444444444,73.75,83.83333333333333,69.16666666666667,85.31666666666666,62.26190476190476,train
C4_9,C4,51.2,62.93333333333333,47.949999999999996,47.833333333333336,62.5,41.208333333333336,71.66666666666667,51.966666666666676,63.80952380952381,train
C1_9,C1,35.0,60.6,58.24444444444444,82.87545787545788,34.166666666666664,84.02527472527473,31.11111111111111,86.13217338217338,45.20833333333333,train
C5_50,C5,60.0,59.06666666666667,59.77777777777777,70.83333333333334,24.583333333333332,64.55555555555556,37.75,59.04166666666667,33.125,train
C3_37,C3,37.46666666666666,3.0000000000000004,15.0,81.75,45.0,81.3125,46.666666666666664,81.3125,46.666666666666664,train
C4_22,C4,20.0,10.0,18.625,55.90277777777778,46.666666666666664,55.90277777777778,38.0,54.427083333333336,38.0,train
C4_25,C4,62.46666666666666,61.199999999999996,38.625,40.25,70.0,45.60416666666667,61.666666666666664,54.983333333333334,59.404761904761905,train
C6_25,C6,45.0,31.73333333333333,56.022222222222226,59.0,38.333333333333336,61.666666666666664,23.0,62.1875,24.166666666666668,train
C3_15,C3,3.733333333333334,5.6000000000000005,22.725,40.29861111111111,25.0,41.057291666666664,36.666666666666664,32.84583333333333,32.61904761904762,train
C6_14,C6,49.13333333333333,67.26666666666667,72.84444444444445,64.41666666666666,52.083333333333336,68.94444444444444,48.25,65.77083333333333,48.25,train
C3_41,C3,45.0,25.0,33.849999999999994,84.29166666666667,55.0,85.30208333333333,58.0,85.74166666666666,58.0,train
C3_24,C3,45.0,49.0,46.349999999999994,81.45833333333333,57.5,85.26041666666667,65.0,87.20833333333334,65.0,train
C6_16,C6,55.8,77.2,80.0,74.16666666666666,72.08333333333333,74.77777777777777,68.25,74.20833333333333,65.20833333333333,train
C3_40,C3,55.00000000000001,32.4,26.125,68.63888888888889,47.5,51.479166666666664,48.0,56.93333333333332,47.638888888888886,train
C4_19,C4,38.733333333333334,26.0,32.25,59.0,36.25,67.79166666666667,35.0,54.233333333333334,37.142857142857146,train
C3_26,C3,68.73333333333333,26.999999999999996,34.525,80.1388888888889,55.0,81.35416666666667,61.666666666666664,83.58333333333334,58.80952380952381,train
C2_22,C2,46.199999999999996,18.066666666666666,46.488888888888894,80.34065934065934,20.0,68.37772893772895,26.666666666666668,68.43977411477412,41.875,train
C5_33,C5,53.333333333333336,65.46666666666667,69.22222222222221,65.5,50.833333333333336,67.33333333333333,64.5,69.875,63.75,train
C1_6,C1,26.200000000000003,10.0,39.48888888888889,47.35449735449736,35.416666666666664,45.779365079365085,50.27777777777777,48.890211640211646,53.33333333333333,train
C5_22,C5,43.333333333333336,26.333333333333336,30.88888888888889,13.5,46.25,33.333333333333336,31.75,43.75,33.958333333333336,train
C5_14,C5,33.33333333333333,22.666666666666664,52.355555555555554,77.25,26.25,75.5,33.75,79.125,29.791666666666668,train
C1_5,C1,71.2,43.73333333333333,74.73333333333333,85.42328042328042,92.5,89.25396825396825,89.16666666666667,91.04497354497353,88.75,train
C1_18,C1,47.46666666666667,46.199999999999996,65.24444444444444,26.666666666666668,53.75,51.46666666666666,52.5,57.703703703703695,58.125,train
C1_14,C1,35.0,14.333333333333334,45.733333333333334,86.49369149369149,29.166666666666664,80.8962148962149,36.11111111111111,80.8962148962149,43.75,train
C4_6,C4,31.2,23.0,16.575,81.41666666666667,52.5,81.41666666666667,56.0,84.96875,46.666666666666664,train
C5_37,C5,30.0,83.6,84.06666666666666,77.5,37.083333333333336,79.66666666666667,54.25,83.5,58.541666666666664,train
C1_16,C1,38.733333333333334,35.0,61.24444444444445,58.78306878306878,56.666666666666664,69.93650793650792,56.11111111111111,74.94708994708994,58.75,train
C1_31,C1,22.46666666666667,10.600000000000001,27.73333333333333,37.008547008547005,19.166666666666664,48.705128205128204,17.777777777777775,52.99501424501424,32.08333333333333,train
C2_7,C2,30.0,16.2,36.733333333333334,58.891208791208804,44.444444444444436,53.668058608058615,34.666666666666664,49.723382173382184,46.19047619047619,train
C2_13,C2,31.86666666666667,27.46666666666667,51.0,54.139560439560434,25.833333333333332,66.65040293040292,27.222222222222218,69.7086691086691,45.416666666666664,train
C3_44,C3,20.0,9.000000000000002,9.525,71.4861111111111,58.333333333333336,53.61458333333333,58.75,59.141666666666666,47.83333333333333,train
C6_27,C6,55.00000000000001,58.13333333333334,77.86666666666666,69.33333333333333,37.916666666666664,71.22222222222221,42.75,75.60416666666666,50.625,train
C4_21,C4,68.73333333333333,78.99999999999999,50.449999999999996,87.90277777777777,65.0,87.80208333333333,67.5,70.24166666666666,66.19047619047619,train
C1_17,C1,53.733333333333334,73.73333333333333,49.24444444444445,61.719576719576715,66.66666666666667,73.03174603174602,62.77777777777778,66.97089947089947,63.75,train
C4_13,C4,45.0,50.2,45.675,76.97222222222221,52.5,79.60416666666666,45.0,81.05833333333332,44.523809523809526,train
C5_49,C5,91.66666666666666,100.0,91.75555555555556,97.0,93.75,97.0,94.45,97.75,95.375,train
C3_30,C3,51.2,47.8,46.125,66.79166666666667,47.5,69.26041666666667,41.666666666666664,74.15833333333333,39.88095238095239,train
C1_19,C1,73.73333333333333,48.06666666666667,63.733333333333334,56.039886039886035,85.0,71.95726495726494,76.66666666666667,76.63105413105411,80.0,train
C6_11,C6,43.333333333333336,46.266666666666666,60.044444444444444,52.833333333333336,25.833333333333332,53.22222222222223,25.5,55.54166666666667,22.916666666666668,train
C6_19,C6,45.0,30.866666666666664,41.82222222222222,54.75,32.916666666666664,36.5,19.75,42.0625,16.458333333333332,train
C5_48,C5,51.66666666666667,29.06666666666667,41.82222222222222,11.0,24.375,24.0,28.4375,31.75,28.75,train
C2_18,C2,50.0,26.200000000000003,40.24444444444445,81.82783882783883,33.33333333333333,84.86336996336996,30.555555555555554,84.88614163614163,42.70833333333333,train
C6_9,C6,31.666666666666664,30.866666666666664,55.84444444444444,50.166666666666664,32.5,52.111111111111114,19.5,60.333333333333336,19.583333333333332,train
C4_15,C4,45.0,16.6,5.8999999999999995,54.72222222222223,71.66666666666667,54.72222222222223,71.66666666666667,54.72222222222223,71.66666666666667,train
C4_42,C4,41.199999999999996,48.2,22.725,66.08333333333333,57.5,61.854166666666664,40.833333333333336,61.108333333333334,40.357142857142854,train
C6_42,C6,50.8,54.46666666666666,55.022222222222226,65.16666666666666,50.0,66.44444444444444,34.0,71.08333333333333,40.0,train
C5_21,C5,58.333333333333336,48.13333333333333,38.62222222222222,15.25,22.5,25.166666666666668,13.5,30.125,12.916666666666666,train
C3_25,C3,41.199999999999996,32.53333333333333,35.449999999999996,62.236111111111114,48.75,46.677083333333336,64.16666666666667,51.09166666666667,59.76190476190476,train
C1_24,C1,31.2,5.0,13.999999999999998,19.23076923076923,25.0,32.03846153846153,24.0,32.03846153846153,24.0,train
C2_5,C2,35.0,60.0,55.733333333333334,61.23809523809524,53.333333333333336,74.14285714285714,58.88888888888889,76.99404761904762,61.875,train
C4_29,C4,22.46666666666667,16.8,13.625000000000002,47.38888888888889,26.25,50.95833333333334,37.5,57.14166666666667,36.904761904761905,train
C4_27,C4,60.0,33.93333333333333,48.85,81.77777777777777,63.75,80.08333333333333,65.0,80.06666666666666,65.83333333333334,train
C5_41,C5,55.00000000000001,53.53333333333333,66.22222222222223,54.5,47.916666666666664,59.333333333333336,54.75,59.333333333333336,57.291666666666664,train
C4_37,C4,30.0,10.0,27.025,47.5,53.75,47.708333333333336,48.333333333333336,49.91666666666667,48.333333333333336,train
C3_11,C3,22.46666666666667,2.6,18.85,81.375,28.75,80.91666666666667,35.833333333333336,70.0625,35.833333333333336,train
C6_40,C6,51.66666666666667,62.66666666666667,69.95555555555556,66.25,47.916666666666664,66.16666666666667,39.75,49.625,38.125,train
C1_23,C1,47.46666666666667,46.199999999999996,66.4888888888889,77.17948717948718,40.833333333333336,82.70769230769231,43.88888888888889,83.73789173789174,53.75,train
C1_2,C1,31.2,27.46666666666667,53.48888888888889,65.41514041514041,49.166666666666664,66.66575091575092,61.11111111111111,68.70294057794058,68.75,train
C3_33,C3,52.466666666666676,31.0,25.900000000000002,73.81944444444444,65.0,74.53125,62.0,68.875,53.05555555555555,train
C5_9,C5,53.333333333333336,72.66666666666667,56.39999999999999,64.575,59.166666666666664,72.38333333333334,49.5,73.0375,49.5,train
C4_2,C4,72.46666666666665,72.00000000000001,51.800000000000004,95.1388888888889,90.0,93.02083333333334,80.83333333333333,74.41666666666667,76.42857142857143,train
C2_14,C2,47.46666666666667,48.73333333333333,37.733333333333334,83.6043956043956,38.33333333333333,69.9959706959707,33.888888888888886,66.03830891330891,46.25,train
C4_18,C4,76.2,35.2,31.575000000000003,66.09722222222221,55.0,54.53125,61.666666666666664,51.875,58.80952380952381,train
C3_34,C3,81.19999999999999,49.0,32.95,86.91666666666667,75.0,65.1875,68.75,68.9,72.5,train
C5_17,C5,57.46666666666667,67.26666666666667,75.91111111111111,52.166666666666664,19.583333333333332,58.444444444444436,35.75,63.83333333333333,43.125,train
C6_35,C6,61.66666666666667,32.66666666666667,27.444444444444443,62.083333333333336,32.5,55.055555555555564,19.5,50.04166666666667,16.25,train
C5_30,C5,35.0,22.666666666666664,32.28888888888889,41.83333333333333,18.75,51.55555555555555,14.375,55.541666666666664,13.5,train
C4_11,C4,30.0,40.0,50.0,78.1388888888889,35.0,70.6875,48.0,56.55,46.94444444444445,train
C3_20,C3,61.199999999999996,26.999999999999996,35.449999999999996,88.6388888888889,51.25,91.47916666666667,59.0,92.18333333333334,54.72222222222222,train
C6_33,C6,43.333333333333336,58.13333333333334,66.75555555555556,50.91666666666667,20.833333333333332,60.611111111111114,15.625,67.64583333333334,16.5,train
C6_7,C6,50.0,44.46666666666667,35.82222222222222,55.33333333333333,44.583333333333336,65.88888888888889,44.75,71.29166666666666,43.958333333333336,train
C1_32,C1,35.0,10.0,36.24444444444444,62.30565730565731,24.166666666666664,61.91672771672772,41.11111111111111,60.48616198616199,50.625,train
C6_18,C6,40.0,49.93333333333334,53.24444444444445,64.91666666666666,47.083333333333336,72.6111111111111,46.25,77.27083333333333,46.875,train
C4_30,C4,47.46666666666667,20.2,52.725,78.83333333333333,61.25,76.83333333333334,61.666666666666664,78.84166666666667,61.19047619047619,train
C6_43,C6,36.666666666666664,22.666666666666664,43.6,72.5,31.25,68.75,29.75,45.833333333333336,32.291666666666664,train
C1_25,C1,48.73333333333333,36.86666666666667,58.733333333333334,73.39438339438338,40.0,63.35329670329669,43.333333333333336,67.42404354904353,54.375,train
C2_24,C2,35.6,16.2,28.48888888888889,63.02930402930403,36.666666666666664,64.75091575091574,28.0,65.20909645909644,40.0,train
C5_40,C5,61.66666666666667,63.53333333333333,66.77777777777779,78.08333333333334,62.083333333333336,77.05555555555556,55.25,76.22916666666667,57.708333333333336,train
C5_18,C5,33.33333333333333,12.666666666666664,30.91111111111111,50.166666666666664,20.833333333333332,50.444444444444436,16.5,58.45833333333333,20.416666666666668,train
C4_26,C4,66.2,56.00000000000001,35.225,84.94444444444444,81.25,72.02083333333333,75.83333333333333,72.02083333333333,72.73809523809524,train
C2_9,C2,25.0,37.46666666666666,48.00000000000001,57.0,23.333333333333332,56.3,35.0,61.5,48.333333333333336,train
C1_12,C1,38.733333333333334,15.6,40.0,70.12413512413512,19.583333333333336,75.40781440781441,19.722222222222225,79.32132682132682,34.583333333333336,train
C2_20,C2,21.200000000000003,,6.999999999999999,97.14285714285714,15.833333333333332,84.15873015873017,10.555555555555555,86.55654761904762,31.875,train
C6_47,C6,49.13333333333333,18.133333333333333,23.133333333333333,0.0,22.916666666666668,0.0,17.1875,0.0,17.1875,train
C2_11,C2,80.0,61.199999999999996,57.244444444444454,57.53846153846154,65.0,73.05641025641026,56.0,76.92200854700856,66.19047619047619,train
C1_27,C1,33.733333333333334,16.2,43.48888888888889,79.79242979242979,59.166666666666664,70.04212454212453,56.11111111111111,71.88695563695563,59.79166666666667,train
C1_3,C1,23.733333333333334,16.2,32.48888888888889,58.498168498168496,26.666666666666664,67.23223443223442,24.444444444444443,70.84167684167683,43.33333333333333,train
C6_31,C6,8.333333333333332,16.333333333333336,42.71111111111111,44.75,27.083333333333332,52.5,16.25,60.3125,13.541666666666666,train
C3_31,C3,48.73333333333333,57.00000000000001,34.525,43.81944444444445,51.666666666666664,52.03125,67.0,55.625,61.388888888888886,train
C5_24,C5,36.666666666666664,30.866666666666664,48.644444444444446,63.25,43.333333333333336,57.5,32.0,61.25,32.0,train
C3_32,C3,23.733333333333334,6.000000000000001,22.5,52.76388888888889,46.25,47.07291666666667,53.0,42.90833333333334,49.02777777777778,train
C6_50,C6,47.46666666666667,54.46666666666666,53.733333333333334,56.0,14.583333333333334,63.0,25.75,67.875,25.75,train
C3_22,C3,42.46666666666667,35.0,38.4,53.40277777777777,52.5,63.80208333333333,60.0,70.29166666666666,59.76190476190476,train
C4_3,C4,35.0,18.000000000000004,32.25,40.5,50.0,48.70833333333333,55.833333333333336,51.59166666666666,53.214285714285715,train
C2_1,C2,71.2,57.46666666666667,59.24444444444445,81.42490842490842,45.83333333333333,86.82161172161173,33.888888888888886,86.51800976800978,45.20833333333333,train
C4_38,C4,53.733333333333334,45.6,42.5,68.81944444444444,78.75,69.11458333333333,74.0,73.29166666666666,65.83333333333333,train
C2_21,C2,56.199999999999996,28.733333333333334,51.24444444444444,49.904761904761905,21.666666666666668,61.042857142857144,26.111111111111114,61.49404761904762,36.66666666666667,train
C5_25,C5,38.333333333333336,35.4,35.888888888888886,55.91666666666667,25.0,55.27777777777778,25.0,60.833333333333336,30.833333333333332,train
C5_35,C5,53.333333333333336,37.2,51.800000000000004,88.16666666666666,35.0,82.44444444444444,33.0,80.27083333333333,29.166666666666668,train
C1_26,C1,30.0,33.06666666666666,35.73333333333333,37.079772079772084,27.5,42.28119658119658,33.333333333333336,48.38247863247864,41.666666666666664,train
C1_13,C1,46.199999999999996,40.599999999999994,47.488888888888894,47.87545787545787,27.916666666666664,56.891941391941394,26.944444444444443,60.7432844932845,33.75,train
C3_39,C3,37.46666666666666,51.6,37.724999999999994,78.875,35.0,81.65625,41.666666666666664,83.575,39.88095238095239,train
C4_36,C4,32.46666666666667,16.933333333333334,19.525,34.791666666666664,21.666666666666668,26.09375,34.0,33.625,36.666666666666664,train
C2_25,C2,39.333333333333336,11.200000000000001,38.48888888888889,42.47619047619048,20.0,53.519047619047626,13.333333333333334,56.474206349206355,30.833333333333332,train
C1_30,C1,43.73333333333333,19.333333333333332,24.244444444444444,49.46886446886447,30.416666666666664,63.34798534798534,28.61111111111111,61.3085063085063,36.041666666666664,train
C4_12,C4,65.0,71.00000000000001,52.5,70.30555555555556,67.5,75.85416666666667,67.5,80.30833333333334,68.57142857142857,train
C4_23,C4,26.200000000000003,38.0,32.725,75.31944444444444,41.25,79.61458333333333,45.0,63.69166666666666,46.30952380952381,train
C6_4,C6,33.33333333333333,30.866666666666664,33.15555555555555,35.0,31.666666666666668,37.5,36.25,37.5,29.0,train
C6_38,C6,45.0,55.400000000000006,37.28888888888889,59.66666666666667,35.0,49.77777777777778,35.0,55.770833333333336,31.666666666666668,train
C5_46,C5,55.00000000000001,54.46666666666666,57.68888888888889,47.5,23.333333333333332,49.0,33.0,54.875,35.833333333333336,train
C5_5,C5,63.33333333333333,55.400000000000006,65.64444444444445,17.5,37.5,17.5,42.5,27.916666666666668,43.75,train
C5_20,C5,57.46666666666667,59.0,68.2,68.66666666666666,37.083333333333336,71.44444444444444,30.25,71.08333333333333,35.208333333333336,train
C6_22,C6,40.0,30.866666666666664,35.02222222222222,77.41666666666666,27.916666666666668,72.27777777777777,20.75,54.20833333333333,28.125,train
C1_4,C1,46.199999999999996,22.46666666666667,27.999999999999996,36.35531135531136,17.083333333333332,38.26648351648352,14.722222222222221,41.72429792429792,16.19047619047619,train
C5_3,C5,37.46666666666666,66.33333333333333,78.22222222222223,34.25,28.75,51.833333333333336,49.25,62.0,56.041666666666664,train
C2_8,C2,22.46666666666667,28.733333333333334,37.24444444444445,15.333333333333334,30.0,33.666666666666664,30.0,41.388888888888886,49.166666666666664,train
C3_13,C3,40.0,36.6,43.4,87.86111111111113,51.25,90.89583333333334,57.5,92.21666666666667,57.5,train
C6_13,C6,35.8,15.4,24.11111111111111,63.666666666666664,53.75,51.444444444444436,47.8125,59.52083333333333,42.25,train
C6_45,C6,30.0,,15.844444444444445,39.5,16.666666666666668,19.75,10.0,13.166666666666666,8.333333333333334,train
C4_43,C4,22.46666666666667,11.600000000000001,32.95,62.27777777777778,30.0,46.708333333333336,23.333333333333332,44.86666666666667,24.76190476190476,train
C6_1,C6,36.666666666666664,50.866666666666674,55.75555555555556,53.416666666666664,15.625,65.27777777777777,21.5625,71.77083333333333,31.25,train
C5_31,C5,24.133333333333333,5.4,31.355555555555554,11.0,12.083333333333334,23.666666666666668,21.25,37.75,25.208333333333332,train
C4_46,C4,40.0,26.6,41.349999999999994,77.8888888888889,60.0,81.33333333333334,49.0,80.94166666666668,44.30555555555555,train
C5_47,C5,46.666666666666664,19.066666666666666,27.73333333333333,61.416666666666664,19.166666666666668,70.27777777777777,15.5,69.58333333333333,21.25,train
C6_12,C6,60.8,39.06666666666666,54.57777777777777,65.25,55.416666666666664,61.833333333333336,47.25,61.375,42.708333333333336,train
C6_44,C6,36.666666666666664,28.133333333333333,46.37777777777778,51.5,12.5,34.333333333333336,16.5,43.5625,13.75,train
C3_38,C3,12.466666666666667,3.0000000000000004,10.900000000000002,35.0,16.25,31.11111111111111,17.0,23.333333333333332,17.0,train
C6_26,C6,36.666666666666664,18.133333333333333,23.2,39.25,14.583333333333334,51.833333333333336,19.75,60.4375,18.125,train
C6_20,C6,31.666666666666664,30.866666666666664,34.355555555555554,48.833333333333336,10.416666666666666,46.555555555555564,12.25,46.555555555555564,15.208333333333334,train
C3_16,C3,12.466666666666667,2.0,9.075,,21.666666666666668,,23.0,,21.25,train
C4_16,C4,50.0,53.46666666666666,41.349999999999994,51.0,82.5,49.625,62.5,57.575,54.76190476190476,train
C6_10,C6,81.66666666666667,77.2,73.46666666666667,36.0,40.416666666666664,52.333333333333336,36.25,63.625,33.541666666666664,train
C6_32,C6,73.33333333333333,84.46666666666667,87.3111111111111,60.583333333333336,62.083333333333336,67.3888888888889,68.25,72.72916666666667,58.541666666666664,train
C4_45,C4,36.199999999999996,33.0,22.95,52.666666666666664,33.75,55.75,23.333333333333332,62.85,27.142857142857142,train
C3_28,C3,25.0,9.000000000000002,15.9,48.40277777777777,76.66666666666667,52.96874999999999,52.0,55.375,50.97222222222222,train
C5_26,C5,56.666666666666664,69.06666666666666,70.02222222222223,75.5,27.5,75.33333333333333,40.5,73.0625,45.416666666666664,train
C5_42,C5,51.66666666666667,61.73333333333333,65.15555555555555,45.916666666666664,75.0,57.27777777777777,67.0,64.83333333333333,66.66666666666667,train
C5_19,C5,65.0,43.6,75.93333333333334,35.833333333333336,50.416666666666664,43.88888888888889,36.25,50.10416666666667,45.208333333333336,train
C6_29,C6,25.0,39.93333333333334,32.68888888888889,13.25,10.416666666666666,13.25,11.25,24.25,16.041666666666668,train
C5_1,C5,48.333333333333336,46.33333333333333,69.97777777777777,54.083333333333336,20.416666666666668,62.72222222222223,28.25,64.54166666666667,35.208333333333336,train
C6_24,C6,43.333333333333336,53.599999999999994,60.88888888888888,18.5,10.416666666666666,42.666666666666664,24.25,54.5,25.208333333333332,train
C1_33,C1,53.733333333333334,28.733333333333334,50.73333333333333,91.73382173382173,32.5,89.57362637362637,35.0,90.57061457061457,40.83333333333333,train
C5_2,C5,35.0,32.66666666666667,38.11111111111111,17.0,26.25,40.0,19.75,50.0,24.791666666666668,train
C2_28,C2,47.46666666666667,23.733333333333334,43.48888888888889,55.904761904761905,73.33333333333333,61.30952380952381,54.0,62.96626984126984,67.14285714285714,train
C5_38,C5,16.666666666666664,23.6,20.511111111111113,20.0,16.25,28.333333333333332,22.75,33.75,20.625,train
C2_3,C2,37.46666666666666,31.2,50.73333333333333,81.25274725274726,29.166666666666668,82.05164835164835,19.444444444444446,79.83470695970696,34.375,train
C6_41,C6,30.0,16.333333333333336,13.444444444444445,18.75,6.25,29.833333333333332,3.75,40.1875,5.625,train
C1_20,C1,36.199999999999996,27.46666666666667,44.48888888888889,68.39641839641838,12.083333333333334,70.83785103785104,21.38888888888889,68.84635734635735,30.625,train
C4_24,C4,63.73333333333334,57.199999999999996,44.074999999999996,38.458333333333336,77.5,48.42708333333333,60.0,51.24166666666666,62.738095238095234,train
C3_19,C3,33.733333333333334,42.6,37.5,53.9375,43.75,60.453125,42.5,67.3625,40.595238095238095,train
C4_41,C4,67.46666666666667,65.13333333333333,50.0,90.75,68.75,88.6875,65.83333333333333,89.7,60.595238095238095,train
C4_32,C4,58.733333333333334,25.0,17.025,63.75,46.25,53.125,52.5,53.25,52.142857142857146,train
C5_44,C5,22.46666666666667,40.86666666666667,39.08888888888889,72.58333333333334,12.083333333333334,78.05555555555556,17.25,77.91666666666667,16.041666666666668,train
C1_22,C1,73.06666666666666,54.333333333333336,64.0,84.65811965811966,88.75,76.26153846153846,90.83333333333333,75.5883190883191,91.04166666666667,train
C4_20,C4,65.0,80.0,63.175000000000004,91.52777777777777,81.25,87.8125,83.0,89.0,83.05555555555556,train
C2_2,C2,55.00000000000001,70.0,70.73333333333332,79.78388278388279,85.0,84.17032967032966,76.66666666666667,84.93360805860806,82.5,train
C5_6,C5,38.333333333333336,39.06666666666666,68.73333333333333,57.75,29.166666666666668,63.833333333333336,35.5,64.4375,34.583333333333336,train
C5_51,C5,60.0,59.93333333333334,67.75555555555555,18.5,5.0,41.666666666666664,21.0,52.1875,27.5,train
C6_39,C6,51.66666666666667,73.6,62.3111111111111,68.33333333333334,31.25,60.555555555555564,35.75,66.04166666666667,38.125,train
C6_5,C6,29.133333333333333,43.6,40.51111111111111,53.416666666666664,30.416666666666668,58.61111111111111,30.25,43.95833333333333,26.875,train
C1_1,C1,43.73333333333333,15.6,35.73333333333333,76.67277167277167,50.83333333333333,72.03699633699634,50.666666666666664,73.08638583638584,61.19047619047619,train
C5_16,C5,43.333333333333336,77.2,74.13333333333333,79.33333333333334,68.33333333333333,81.55555555555556,65.0,81.47916666666667,65.83333333333333,train
C4_40,C4,12.466666666666667,8.0,10.900000000000002,74.7638888888889,38.75,56.07291666666667,31.666666666666668,44.858333333333334,31.666666666666668,train
C3_18,C3,27.46666666666667,31.0,44.074999999999996,75.47222222222223,52.5,80.77083333333334,55.0,64.61666666666667,56.07142857142857,train
C2_23,C2,10.600000000000001,18.066666666666666,16.48888888888889,31.947619047619046,22.5,37.1352380952381,15.0,40.737698412698414,30.0,train
C5_4,C5,41.66666666666667,46.266666666666666,56.31111111111111,57.333333333333336,26.666666666666668,55.88888888888889,38.0,63.47916666666667,41.666666666666664,train
C6_8,C6,24.133333333333333,29.06666666666667,20.46666666666667,44.0,15.416666666666666,46.333333333333336,11.5625,34.75,25.25,train
C5_28,C5,54.13333333333333,45.4,89.55555555555554,46.25,43.333333333333336,55.833333333333336,40.0,54.375,48.333333333333336,train
C6_51,C6,43.333333333333336,51.733333333333334,52.31111111111111,21.75,12.916666666666666,39.5,12.75,51.8125,17.291666666666668,test
C6_49,C6,57.46666666666667,37.2,51.488888888888894,20.75,39.166666666666664,43.166666666666664,23.5,54.875,24.583333333333332,test
C1_29,C1,29.333333333333332,28.733333333333334,40.0,87.2934472934473,39.166666666666664,86.72008547008548,52.77777777777777,88.15384615384616,55.20833333333333,test
C3_2,C3,78.73333333333333,64.0,65.225,79.6875,78.75,83.68055555555556,74.16666666666667,81.19791666666666,67.14285714285714,test
C1_15,C1,37.46666666666666,12.466666666666667,47.24444444444445,55.91168091168091,37.5,63.41367521367522,38.333333333333336,69.14102564102565,43.33333333333333,test
C4_39,C4,35.0,25.0,18.85,61.166666666666664,36.25,45.875,44.0,54.2,44.0,test
C5_13,C5,50.0,70.86666666666666,63.577777777777776,87.08333333333333,48.333333333333336,86.72222222222221,53.0,86.91666666666666,50.833333333333336,test
C2_19,C2,31.2,20.0,34.0,52.095238095238095,26.666666666666668,58.79047619047619,26.0,58.79047619047619,47.142857142857146,test
C3_17,C3,61.199999999999996,53.0,37.5,53.791666666666664,56.25,40.34375,62.5,32.275,61.904761904761905,test
C1_34,C1,29.333333333333332,9.333333333333332,14.488888888888887,43.390313390313395,7.5,54.43418803418804,12.0,54.43418803418804,26.666666666666668,test
C3_36,C3,56.199999999999996,33.0,30.674999999999997,85.3888888888889,60.0,64.04166666666667,63.333333333333336,64.98333333333333,58.452380952380956,test
C2_12,C2,88.06666666666668,80.0,76.24444444444445,97.61172161172162,76.66666666666666,97.03369963369963,74.44444444444444,96.6947496947497,80.83333333333333,test
C5_7,C5,33.33333333333333,48.13333333333333,66.82222222222222,36.25,32.5,45.166666666666664,43.5,53.875,49.583333333333336,test
C2_15,C2,29.333333333333332,15.0,26.48888888888889,58.505860805860806,29.166666666666664,61.403516483516476,29.333333333333332,62.627930402930396,41.1904761904762,test
C5_23,C5,25.8,13.600000000000001,17.244444444444444,23.5,10.0,46.0,12.5,52.9375,19.0,test
C5_36,C5,60.8,44.46666666666667,51.33333333333334,59.833333333333336,8.333333333333334,61.555555555555564,15.0,61.47916666666667,22.5,test
C4_33,C4,22.46666666666667,8.0,10.900000000000002,45.125,25.0,48.427083333333336,33.333333333333336,48.24166666666667,33.33333333333333,test
C4_28,C4,28.733333333333334,20.2,31.124999999999996,64.875,27.5,48.65625,27.5,50.675,31.904761904761905,test
C5_39,C5,60.8,64.53333333333333,82.8,63.666666666666664,40.833333333333336,71.1111111111111,42.760000000000005,77.39583333333333,46.46666666666667,test
C6_46,C6,48.333333333333336,69.93333333333334,67.33333333333333,73.75,59.583333333333336,76.5,56.75,79.875,55.625,test
C2_10,C2,55.599999999999994,48.73333333333333,44.0,66.93040293040293,60.833333333333336,59.02490842490842,60.555555555555564,59.02490842490842,66.19047619047619,test
C6_17,C6,26.666666666666668,54.46666666666666,50.044444444444444,65.83333333333333,41.25,68.88888888888889,31.75,51.666666666666664,26.458333333333332,test
C1_7,C1,56.86666666666667,34.333333333333336,70.4888888888889,91.44688644688644,87.91666666666666,88.83479853479852,85.27777777777777,90.69566544566544,86.875,test
C3_14,C3,38.733333333333334,47.0,43.4,62.47222222222223,61.25,46.85416666666667,67.5,37.483333333333334,63.214285714285715,test
C4_17,C4,28.733333333333334,40.2,50.675000000000004,84.41666666666667,66.25,87.0625,57.5,86.9,57.023809523809526,test
C3_35,C3,32.46666666666667,22.0,15.45,64.40277777777777,45.0,65.38541666666666,45.0,65.38541666666666,45.0,test
C1_21,C1,53.733333333333334,42.46666666666667,45.48888888888889,67.4013024013024,50.0,71.17411477411477,49.0,69.31176231176231,60.0,test
C1_8,C1,16.2,12.466666666666667,13.244444444444445,38.67724867724868,21.25,40.906349206349205,19.0,40.906349206349205,20.0,test
C6_48,C6,55.00000000000001,47.2,62.82222222222222,73.58333333333334,40.833333333333336,73.3888888888889,26.5,74.10416666666667,28.75,test
C6_37,C6,51.66666666666667,40.0,73.26666666666667,70.75,35.833333333333336,78.16666666666667,38.5,81.75,33.75,test
C2_26,C2,6.200000000000001,3.066666666666667,5.488888888888889,35.13333333333333,15.0,33.35,15.0,33.35,15.0,test
C5_15,C5,58.333333333333336,69.93333333333334,62.8,61.08333333333333,20.0,65.38888888888889,34.0,65.60416666666666,38.333333333333336,test
C4_7,C4,73.73333333333333,80.0,57.49999999999999,74.27777777777777,38.75,73.20833333333333,55.0,76.81666666666666,60.833333333333336,test
C6_23,C6,26.666666666666668,23.6,50.911111111111104,55.083333333333336,33.75,53.055555555555564,31.25,53.055555555555564,36.041666666666664,test
C5_32,C5,45.800000000000004,33.6,56.333333333333336,77.83333333333334,40.416666666666664,77.22222222222223,32.510000000000005,79.47916666666667,37.09166666666667,test
C5_29,C5,56.666666666666664,42.66666666666667,63.53333333333333,32.66666666666667,15.833333333333334,42.44444444444445,13.5,49.020833333333336,22.916666666666668,test
C3_8,C3,87.46666666666665,40.0,52.949999999999996,85.59722222222223,66.25,87.94791666666667,67.5,87.10833333333333,65.0,test
C5_45,C5,30.0,33.6,40.86666666666667,58.58333333333333,37.916666666666664,63.72222222222222,28.75,68.72916666666666,34.791666666666664,test
C6_2,C6,45.0,47.2,51.93333333333333,57.99999999999999,34.166666666666664,52.5,30.5,35.0,30.416666666666668,test
C6_3,C6,36.666666666666664,52.66666666666667,47.31111111111111,60.416666666666664,37.916666666666664,54.61111111111111,25.75,40.95833333333333,29.791666666666668,test
C2_16,C2,36.86666666666667,28.733333333333334,39.0,93.14285714285715,30.833333333333332,90.38571428571429,32.22222222222222,91.36309523809524,42.916666666666664,test
C6_28,C6,52.466666666666676,68.13333333333334,77.13333333333333,30.75,38.75,48.833333333333336,36.25,57.875,36.875,test
C4_8,C4,25.0,33.93333333333333,20.45,62.444444444444436,17.5,52.666666666666664,32.5,55.383333333333326,32.023809523809526,test
C1_11,C1,36.86666666666667,43.73333333333333,60.48888888888888,53.597883597883595,70.83333333333334,53.6920634920635,75.55555555555556,58.26190476190476,77.5,test
C4_44,C4,66.2,50.4,38.175,74.34722222222221,32.5,78.26041666666666,26.666666666666668,79.35833333333332,27.619047619047617,test
C3_6,C3,63.73333333333334,70.0,42.95,67.68055555555556,78.75,66.17708333333334,80.0,65.44166666666668,72.73809523809524,test
C4_35,C4,87.46666666666665,88.0,74.3,69.29166666666667,85.0,51.96875,88.33333333333333,55.075,88.80952380952381,test
C3_7,C3,27.46666666666667,8.0,22.25,54.18055555555555,18.75,60.635416666666664,29.166666666666668,60.258333333333326,32.142857142857146,test
C5_43,C5,60.0,35.4,46.8,36.25,13.333333333333334,45.833333333333336,8.0,50.3125,8.333333333333334,test
C3_4,C3,55.00000000000001,19.2,35.0,,47.5,33.33333333333333,53.333333333333336,45.41666666666666,51.66666666666667,test
C4_5,C4,23.733333333333334,64.0,42.25,82.91666666666667,42.5,79.6875,33.333333333333336,79.75,37.5,test
