RQ,Model,CV MAE (5-fold),Train MAE,Test MAE,Test RMSE,Test R2,Bootstrap MAE 95% CI
RQ1,Dummy (mean),13.49 +/- 1.41,13.41,15.77,18.75,-0.003,"[11.67, 15.47]"
RQ1,Simple LR (quiz_avg_early),11.23 +/- 0.75,11.14,13.31,16.02,0.268,"[9.64, 12.93]"
RQ1,Multiple LR,11.31 +/- 0.82,11.12,13.32,16.0,0.269,"[9.67, 13.00]"
RQ1,Polynomial (deg 2),11.38 +/- 0.65,11.0,13.09,15.64,0.302,"[9.98, 13.17]"
RQ2,Dummy (mean),18.55 +/- 1.93,18.43,17.24,21.12,-0.012,"[16.38, 21.03]"
RQ2,Simple LR (mid1_pct),13.97 +/- 0.55,13.65,12.49,15.67,0.443,"[11.84, 15.80]"
RQ2,Multiple LR,13.84 +/- 0.59,13.56,12.06,15.25,0.472,"[12.00, 15.89]"
RQ2,Polynomial (deg 2),14.13 +/- 0.96,13.26,12.49,15.63,0.446,"[12.16, 16.34]"
RQ3,Dummy (mean),15.58 +/- 0.91,15.53,15.62,19.19,-0.012,"[13.63, 17.53]"
RQ3,Simple LR (mid2_pct),10.15 +/- 1.09,9.97,9.89,12.47,0.573,"[8.84, 11.31]"
RQ3,Multiple LR,10.21 +/- 1.24,9.84,9.08,11.77,0.619,"[8.90, 11.33]"
RQ3,Polynomial (deg 2),10.68 +/- 1.24,9.46,8.87,11.29,0.65,"[9.06, 12.11]"
